{
  "system_info": {
    "gpu_vendor": "nvidia",
    "gpu_id": 0,
    "compute_capability": "8.0",
    "total_memory_bytes": 0,
    "total_memory_gb": 0.0,
    "MultiprocessorCount": "Unknown",
    "MaxThreadsPerBlock": 1024,
    "MaxBlockDimX": 1024,
    "MaxBlockDimY": 1024,
    "MaxBlockDimZ": 64,
    "MaxGridDimX": 2147483647,
    "MaxGridDimY": 65535,
    "MaxGridDimZ": 65535,
    "WarpSize": 32,
    "MaxSharedMemoryPerBlock": 49152,
    "ClockRate": 1410000,
    "MemoryClockRate": 1512000,
    "GlobalMemoryBusWidth": 5120,
    "L2CacheSize": 41943040,
    "MaxRegistersPerBlock": 65536,
    "gpu_name": "NVIDIA A100 80GB PCIe",
    "driver_version": "565.57.01",
    "cupy_version": "13.4.1",
    "numpy_version": "2.1.2",
    "python_version": "3.11.11",
    "platform": "Linux-6.5.0-45-generic-x86_64-with-glibc2.35",
    "cuda_version": "12.8"
  },
  "benchmark_results": {
    "float64_matmul": {
      "results": [
        [
          100,
          0.0001538556069135666
        ],
        [
          250,
          0.00010057054460048676
        ],
        [
          500,
          0.00011021271347999573
        ],
        [
          1000,
          0.00025302283465862275
        ],
        [
          2500,
          0.0022362712770700455
        ],
        [
          5000,
          0.01512194685637951
        ],
        [
          10000,
          0.12096107937395573
        ],
        [
          20000,
          0.9772772289812565
        ],
        [
          50000,
          15.930500040203333
        ]
      ],
      "failed_sizes": []
    },
    "int64_matmul": {
      "results": [
        [
          100,
          0.0002517428249120712
        ],
        [
          250,
          0.0003261301666498184
        ],
        [
          500,
          0.0005634207278490067
        ],
        [
          1000,
          0.0010381054133176803
        ],
        [
          2500,
          0.009621311724185944
        ],
        [
          5000,
          0.07154563292860985
        ],
        [
          10000,
          0.5560734249651432
        ],
        [
          20000,
          4.389616552367807
        ]
      ],
      "failed_sizes": [
        50000
      ]
    },
    "float64_inverse": {
      "results": [],
      "failed_sizes": [
        100,
        250,
        500,
        1000,
        2500,
        5000,
        10000,
        20000,
        50000
      ]
    }
  }
}