{
  "system_info": {
    "gpu_vendor": "nvidia",
    "gpu_id": 0,
    "compute_capability": "8.6",
    "total_memory_bytes": 0,
    "total_memory_gb": 0.0,
    "MultiprocessorCount": "Unknown",
    "MaxThreadsPerBlock": 1024,
    "MaxBlockDimX": 1024,
    "MaxBlockDimY": 1024,
    "MaxBlockDimZ": 64,
    "MaxGridDimX": 2147483647,
    "MaxGridDimY": 65535,
    "MaxGridDimZ": 65535,
    "WarpSize": 32,
    "MaxSharedMemoryPerBlock": 49152,
    "ClockRate": 1740000,
    "MemoryClockRate": 7251000,
    "GlobalMemoryBusWidth": 384,
    "L2CacheSize": 6291456,
    "MaxRegistersPerBlock": 65536,
    "gpu_name": "NVIDIA A40",
    "driver_version": "565.57.01",
    "cupy_version": "13.4.1",
    "numpy_version": "1.24.1",
    "python_version": "3.10.12",
    "platform": "Linux-6.8.0-52-generic-x86_64-with-glibc2.35",
    "cuda_version": "11.8"
  },
  "benchmark_results": {
    "float64_matmul": {
      "results": [
        [
          100,
          0.00014171302318573
        ],
        [
          250,
          0.0001817932352423668
        ],
        [
          500,
          0.0008034287020564079
        ],
        [
          1000,
          0.004506294429302215
        ],
        [
          2500,
          0.06560637708753347
        ],
        [
          5000,
          0.5151703041046858
        ],
        [
          10000,
          4.029607271030545
        ],
        [
          20000,
          31.977382893674076
        ]
      ],
      "failed_sizes": [
        50000
      ]
    },
    "int64_matmul": {
      "results": [
        [
          100,
          0.00015874039381742479
        ],
        [
          250,
          0.0002733265981078148
        ],
        [
          500,
          0.0004760207608342171
        ],
        [
          1000,
          0.0008737305179238319
        ],
        [
          2500,
          0.009846260398626327
        ],
        [
          5000,
          0.08056041859090328
        ],
        [
          10000,
          0.6145609740167857
        ],
        [
          20000,
          4.912624790892005
        ]
      ],
      "failed_sizes": [
        50000
      ]
    },
    "float64_inverse": {
      "results": [
        [
          100,
          0.0007769949734210968
        ],
        [
          250,
          0.0018879065290093422
        ],
        [
          500,
          0.00517007801681757
        ],
        [
          1000,
          0.017492989636957647
        ],
        [
          2500,
          0.12903591468930245
        ],
        [
          5000,
          0.7819825742393732
        ],
        [
          10000,
          5.660009233467281
        ],
        [
          20000,
          43.694474537111816
        ]
      ],
      "failed_sizes": [
        50000
      ]
    }
  }
}